<!-- Ant build file for reducing original kie-web release, 11/17/2016 -->
<!-- command:
       ant -buildfile build-shrinkWfe.xml [dist|wfe-web.lib.import|wfe-web.configuration.import|clean]
  where:
	 dist         		- create a release after reducing unused jars and resources
	 wfe-web.lib.import	- copy all required jars to WFE-Web
     wfe-web.configuration.import	- copy web related configuration to WFE-Web
     clean    - clean up so that we can build a new distribution
  default is dist.
 please set environment JAVA_HOME. -->
<!-- ant -v  to display debug information -->
<project name="wfe" default="dist" basedir=".">
	<target name="showInitMessage" unless="donotShowInitMessage">
		<echo message="java.home=${java.home}"/>
		<echo message="ant.version=${ant.version}"/>
		<echo message="ant.file=${ant.file}"/>
		<echo message="ant.java.version=${ant.java.version}"/>
		<echo message="websphere home=${wasHome}"/>
	</target>
	<target name="init">
		<property name="patch-version" value="6.2.0.Final"/>
		<property name="originalReleasePkgFullName" value="kie-wb-distribution-wars-was8.war"/>

		<!-- ************ -->
		<property name="appPath" value="${basedir}/.."/>
		<!-- web project  -->
		<property name="webPrj" value="WFE-Web"/>
		<property name="webPath" value="${appPath}/../${webPrj}"/>
		<property name="webContent" value="${webPath}/WebContent"/>
		<property name="webSrc" value="${webPath}/src"/>
		<property name="webLib" value="${webContent}/WEB-INF/lib"/>

		<!-- ************ -->
		<property name="releaseRoot" value="${appPath}/../release_WFE"/>
		<property name="tmp" value="${releaseRoot}/tmp"/>
		<property name="earTmp" value="${tmp}/ear"/>

		<property name="wasHome" value="C:\WebSphere\AppServer"/>
		<antcall target="showInitMessage"/>
		<property name="donotShowInitMessage" value="true"/>

		<mkdir dir="${releaseRoot}/deploy"/>

		<mkdir dir="${tmp}"/>
		<mkdir dir="${earTmp}"/>
		<mkdir dir="${earTmp}/war"/>
		<tstamp/>
	</target>

	<target name="official-war.ui.folder.delete" if="official-war-ui-existing">
		<delete includeEmptyDirs="true">
			<fileset dir="${earTmp}/war/banner"/>
			<fileset dir="${earTmp}/war/formModeler"/>
			<fileset dir="${earTmp}/war/images"/>
			<fileset dir="${earTmp}/war/js"/>
			<fileset dir="${earTmp}/war/org.kie.workbench.KIEWebapp"/>
			<fileset dir="${earTmp}/war/plugins"/>
		</delete>
	</target>
	<target name="official-war.lib.delete">
		<delete>
			<fileset dir="${earTmp}/war/WEB-INF/lib">
				<include name="abdera-i18n-1.1.3.jar"/>
				<include name="args4j-2.0.12.jar"/>
				<include name="avalon-framework*.jar"/>
				<include name="batik*.jar"/>
				<include name="bsh-2.0b5.jar"/>
				<include name="camel-*.jar"/>
				<include name="closure-compiler-r1741.jar"/>
				<include name="commons-cli-1.2.jar"/>
				<include name="cxf-rt-transports-http-2.7.14.jar"/>
				<include name="cxf-rt-ws-policy-2.7.14.jar"/>
				<include name="dashbuilder-*.jar"/>
				<include name="drools-simulator-*.jar"/>
				<include name="drools-wb-*.jar"/>
				<include name="drools-workbench-*.jar"/>
				<include name="encoder-1.1.jar"/>
				<include name="errai-*.jar"/>
				<include name="fop-0.95.jar"/>
				<include name="gentlyweb-utils-1.5.jar"/>
				<include name="gson-1.7.2.jar"/>
				<include name="guvnor-*.jar"/>
				<include name="gwt-*.jar"/>
				<include name="helix-core-0.6.2-incubating.jar"/>
				<include name="jakarta-regexp-1.4.jar"/>
				<include name="jarjar-1.1.jar"/>
				<include name="jasypt-1.9.0.jar"/>
				<include name="JavaEWAH-0.7.9.jar"/>
				<include name="jboss-jaxws-api_2.2_spec-2.0.2.Final.jar"/>
				<include name="jboss-jacc-api_1.4_spec-1.0.3.Final.jar"/>
				<include name="jbpm-console-*.jar"/>
				<include name="jbpm-designer-*.jar"/>
				<include name="jbpm-form-*.jar"/>
				<include name="jdom-1.1.3.jar"/>
				<include name="josql-1.5.jar"/>
				<include name="js-1.7R2.jar"/>
				<include name="jsch-0.1.50.jar"/>
				<include name="junit-4.11.jar"/>
				<include name="kie-identity-session-provider-*.jar"/>
				<include name="kie-server-*.jar"/>
				<include name="kie-uberfire-*.jar"/>
				<include name="kie-wb-*.jar"/>
				<include name="lesscss-1.3.3.jar"/>
				<include name="lienzo-core-1.2.1-RELEASE.jar"/>
				<include name="lucene-*.jar"/>
				<include name="mina-core-2.0.7.jar"/>
				<include name="netty-*.jar"/>
				<include name="nojavax-sisu-inject-bean.jar"/>
				<include name="opencsv-2.3.jar"/>
				<include name="org.apache.stanbol.enhancer.engines.htmlextractor-0.10.0.jar"/>
				<include name="org.eclipse.bpmn2-0.7.4-jboss-1.jar"/>
				<include name="org.eclipse.emf.*.jar"/>
				<include name="org.eclipse.jgit-3.3.2.201404171909-r.jar"/>
				<include name="org.osgi.compendium-4.3.1.jar"/>
				<include name="org.restlet-2.1.4.jar"/>
				<include name="poi-3.10.1.jar"/>
				<include name="poi-ooxml-3.10.1.jar"/>
				<include name="poi-ooxml-schemas-3.10.1.jar"/>
				<include name="prettytime-3.0.2.Final.jar"/>
				<include name="rdf.core-0.12-incubating.jar"/>
				<include name="rhino-1.7R4.jar"/>
				<include name="roaster-api-2.11.1.Final.jar"/>
				<include name="roaster-jdt-2.11.1.Final.jar"/>
				<include name="slf4j-jdk14-1.7.2.jar"/>
				<include name="snakeyaml-1.8.jar"/>
				<include name="sshd-core-0.12.0.jar"/>
				<include name="ST4-4.0.7.jar"/>
				<include name="taglibs-i18n.jar"/>
				<include name="uberfire-*.jar"/>
				<include name="utils-0.1-incubating.jar"/>
				<include name="velocity-1.7.jar"/>
				<include name="wsdl4j-1.6.3.jar"/>
				<include name="wymiwyg-commons-core-0.7.6.jar"/>
				<include name="xmlgraphics-commons-1.4.jar"/>
				<include name="zkclient-0.1.jar"/>
				<include name="zookeeper-3.3.4.jar"/>
			</fileset>
		</delete>
	</target>
	<target name="official-war.shrink" depends="init">
		<!-- upzip original bpm release package -->
		<unzip src="${releaseRoot}/lib/war-org/${originalReleasePkgFullName}" dest="${earTmp}/war" overwrite="true"/>
		<available file="${earTmp}/war/banner" type="dir" property="official-war-ui-existing"/>
		<antcall target="official-war.ui.folder.delete"/>
		<antcall target="official-war.lib.delete"/>
		<delete>
			<fileset dir="${earTmp}/war" includes="favicon.ico,index.jsp,kie-wb.html,login.jsp,logout.jsp,not_authorized.jsp,README.md,rest-api.jsp"/>
		</delete>
		<delete dir="${earTmp}/war/WEB-INF/tlds"/>
		<delete>
			<fileset dir="${earTmp}/war/WEB-INF/classes">
				<include name="*"/>
			</fileset>
		</delete>
		<delete dir="${earTmp}/war/WEB-INF/classes/org"/>
		<delete dir="${earTmp}/war/WEB-INF/classes/META-INF/sisu"/>
		<delete file="${earTmp}/war/WEB-INF/classes/META-INF/services/org.uberfire.java.nio.file.spi.FileSystemProvider"/>
		<!--delete line org.jbpm.console.ng.bd.backend.server.profile.ProfileManagerExtension from file javax.enterprise.inject.spi.Extension -->
		<copy tofile="${earTmp}/war/WEB-INF/classes/META-INF/services/javax.enterprise.inject.spi.Extension.edit" file="${earTmp}/war/WEB-INF/classes/META-INF/services/javax.enterprise.inject.spi.Extension">
			<filterchain>
				<linecontains negate="true">
					<contains value="org.jbpm.console.ng.bd.backend.server.profile.ProfileManagerExtension"/>
				</linecontains>
			</filterchain>
		</copy>
		<delete file="${earTmp}/war/WEB-INF/classes/META-INF/services/javax.enterprise.inject.spi.Extension"/>
		<move file="${earTmp}/war/WEB-INF/classes/META-INF/services/javax.enterprise.inject.spi.Extension.edit" tofile="${earTmp}/war/WEB-INF/classes/META-INF/services/javax.enterprise.inject.spi.Extension"/>
	</target>
	<target name="official-war.reassemble" depends="official-war.shrink">
		<zip zipfile="${releaseRoot}/deploy/reduced-${originalReleasePkgFullName}">
			<zipfileset dir="${earTmp}/war"/>
		</zip>
		<delete dir="${earTmp}/war"/>
	</target>
	<target name="dist" depends="official-war.reassemble"/>

	<!-- the target is to import all necessary jars to WFE-Web. xalan.jar is required otherwise WebSphere own xml.jar will be used but it can't correctly parse multi-lined xml CDATA -->
	<target name="wfe-web.lib.import" depends="official-war.shrink">
		<delete dir="${webLib}" includes="**/*"/>
		<copy todir="${webLib}" overwrite="true">
			<fileset dir="${earTmp}/war/WEB-INF/lib"/>
		</copy>
		<delete dir="${earTmp}/war" includes="**/*"/>
        <!-- PTI changed jars override original jars -->
		<copy todir="${webLib}" overwrite="true">
			<fileset dir="${releaseRoot}/lib/jbpm-changed" excludes="*.txt"/>
			<globmapper from="*.jar" to="*-${patch-version}.jar"/>
		</copy>
		<copy overwrite="true" tofile="${webLib}/jbpmmigration-0.13.jar" file="${releaseRoot}/lib/other-changed/jbpmmigration-0.13.jar"/>
		<!-- add PTI specific jars -->
		<copy todir="${webLib}" overwrite="true">
			<fileset dir="${releaseRoot}/lib/supplement" includes="slf4j-log4j12-1.7.2.jar,log4j-1.2.17.jar,ptiutils.jar,xalan.jar"/>
			<!-- only for WAS Liberty -->
			<!--<fileset dir="${releaseRoot}/lib/supplement" includes="jackson-core-asl-1.9.9.jar,javassist-3.18.1-GA.jar,org.osgi.core-4.3.1.jar"/>-->
		</copy>
	</target>
	<target name="wfe-web.configuration.import" depends="official-war.shrink">
		<copy todir="${webSrc}/META-INF" overwrite="true">
			<fileset dir="${earTmp}/war/WEB-INF/classes/META-INF"/>
		</copy>
		<copy todir="${webContent}/WEB-INF" overwrite="true">
			<fileset dir="${earTmp}/war/WEB-INF" includes="beans.xml,ejb-jar.xml,web.xml"/>
		</copy>
		<delete dir="${earTmp}/war" includes="**/*"/>
	</target>

	<target name="clean" depends="init">
		<delete includeEmptyDirs="true">
			<fileset dir="${releaseRoot}/deploy"/>
			<fileset dir="${releaseRoot}/tmp"/>
		</delete>
	</target>
</project>
