<project name="wfe" default="wfe-web.lib.import">
	<target name="official-war.ui.folder.delete" if="official-war-ui-existing">
		<delete includeEmptyDirs="true">
			<fileset dir="${war.unzip.dir}/banner" />
			<fileset dir="${war.unzip.dir}/formModeler" />
			<fileset dir="${war.unzip.dir}/images" />
			<fileset dir="${war.unzip.dir}/js" />
			<fileset dir="${war.unzip.dir}/org.kie.workbench.KIEWebapp" />
			<fileset dir="${war.unzip.dir}/plugins" />
		</delete>
	</target>
	<target name="official-war.lib.delete">
		<delete>
			<fileset dir="${war.unzip.dir}/WEB-INF/lib">
				<include name="abdera-i18n-1.1.3.jar" />
				<include name="args4j-2.0.12.jar" />
				<include name="avalon-framework*.jar" />
				<include name="batik*.jar" />
				<include name="bsh-2.0b5.jar" />
				<include name="camel-*.jar" />
				<include name="closure-compiler-r1741.jar" />
				<include name="commons-cli-1.2.jar" />
				<include name="cxf-rt-transports-http-2.7.14.jar" />
				<include name="cxf-rt-ws-policy-2.7.14.jar" />
				<include name="dashbuilder-*.jar" />
				<include name="drools-simulator-*.jar" />
				<include name="drools-wb-*.jar" />
				<include name="drools-workbench-*.jar" />
				<include name="encoder-1.1.jar" />
				<include name="errai-*.jar" />
				<include name="fop-0.95.jar" />
				<include name="gentlyweb-utils-1.5.jar" />
				<include name="gson-1.7.2.jar" />
				<include name="guvnor-*.jar" />
				<include name="gwt-*.jar" />
				<include name="helix-core-0.6.2-incubating.jar" />
				<include name="jakarta-regexp-1.4.jar" />
				<include name="jarjar-1.1.jar" />
				<include name="jasypt-1.9.0.jar" />
				<include name="JavaEWAH-0.7.9.jar" />
				<include name="jboss-jaxws-api_2.2_spec-2.0.2.Final.jar" />
				<include name="jboss-jacc-api_1.4_spec-1.0.3.Final.jar" />
				<include name="jbpm-console-*.jar" />
				<include name="jbpm-designer-*.jar" />
				<include name="jbpm-form-*.jar" />
				<include name="jdom-1.1.3.jar" />
				<include name="josql-1.5.jar" />
				<include name="js-1.7R2.jar" />
				<include name="jsch-0.1.50.jar" />
				<include name="junit-4.11.jar" />
				<include name="kie-identity-session-provider-*.jar" />
				<include name="kie-server-*.jar" />
				<include name="kie-uberfire-*.jar" />
				<include name="kie-wb-*.jar" />
				<include name="lesscss-1.3.3.jar" />
				<include name="lienzo-core-1.2.1-RELEASE.jar" />
				<include name="lucene-*.jar" />
				<include name="mina-core-2.0.7.jar" />
				<include name="netty-*.jar" />
				<include name="nojavax-sisu-inject-bean.jar"/>
				<include name="opencsv-2.3.jar" />
				<include name="org.apache.stanbol.enhancer.engines.htmlextractor-0.10.0.jar" />
				<include name="org.eclipse.bpmn2-0.7.4-jboss-1.jar"/>
				<include name="org.eclipse.emf.*.jar"/>
				<include name="org.eclipse.jgit-3.3.2.201404171909-r.jar" />
				<include name="org.osgi.compendium-4.3.1.jar"/>
				<include name="org.restlet-2.1.4.jar" />
				<include name="poi-3.10.1.jar" />
				<include name="poi-ooxml-3.10.1.jar" />
				<include name="poi-ooxml-schemas-3.10.1.jar" />
				<include name="prettytime-3.0.2.Final.jar" />
				<include name="rdf.core-0.12-incubating.jar" />
				<include name="rhino-1.7R4.jar" />
				<include name="roaster-api-2.11.1.Final.jar" />
				<include name="roaster-jdt-2.11.1.Final.jar" />
				<include name="snakeyaml-1.8.jar" />
				<include name="sshd-core-0.12.0.jar" />
				<include name="ST4-4.0.7.jar" />
				<include name="taglibs-i18n.jar" />
				<include name="uberfire-*.jar" />
				<include name="utils-0.1-incubating.jar" />
				<include name="velocity-1.7.jar" />
				<include name="wsdl4j-1.6.3.jar" />
				<include name="wymiwyg-commons-core-0.7.6.jar" />
				<include name="xmlgraphics-commons-1.4.jar" />
				<include name="zkclient-0.1.jar" />
				<include name="zookeeper-3.3.4.jar" />
				<!-- ========== use slf4j 1.7.22 instead of 1.7.2 =============-->
				<include name="jcl-over-slf4j-1.7.2.jar" />
				<include name="slf4j-api-1.7.2.jar" />
				<include name="slf4j-ext-1.7.2.jar" />
				<!-- ========== use slf4j 1.7.22 instead of 1.7.2 =============-->
				<!-- ========== don't use jdk logging implementation =============-->
				<include name="slf4j-jdk14-1.7.2.jar" />
				<!-- ========== don't use jdk logging implementation =============-->
			</fileset>
		</delete>
	</target>
	<target name="official-war.shrink">
		<!-- upzip original bpm release package -->
		<unzip src="${war.full.path}" dest="${war.unzip.dir}" overwrite="true" />
		<available file="${war.unzip.dir}/banner" type="dir" property="official-war-ui-existing" />
		<antcall target="official-war.ui.folder.delete" />
		<antcall target="official-war.lib.delete" />
		<delete>
			<fileset dir="${war.unzip.dir}" includes="favicon.ico,index.jsp,kie-wb.html,login.jsp,logout.jsp,not_authorized.jsp,README.md,rest-api.jsp" />
			<fileset dir="${war.unzip.dir}/WEB-INF" includes="*.*" />
		</delete>
		<delete dir="${war.unzip.dir}/WEB-INF/tlds" />
		<delete dir="${war.unzip.dir}/WEB-INF/classes" />
	</target>

	<!-- the target is to import all necessary jars to WFE-Web. xalan.jar is required otherwise WebSphere own xml.jar will be used but it can't correctly parse multi-lined xml CDATA -->
	<target name="wfe-web.lib.import" depends="official-war.shrink">
		<!-- PTI changed jars override original jars, so delete the originial jars -->
		<delete>
			<fileset dir="${war.unzip.dir}/WEB-INF/lib">
				<include name="jbpm-audit-6.2.0.Final.jar"/>				
				<include name="jbpm-executor-6.2.0.Final.jar"/>			
				<include name="jbpm-flow-6.2.0.Final.jar"/>			
				<include name="jbpm-human-task-core-6.2.0.Final.jar"/>
				<include name="jbpm-human-task-jpa-6.2.0.Final.jar"/>
				<include name="jbpm-human-task-workitems-6.2.0.Final.jar"/>
				<include name="jbpm-persistence-jpa-6.2.0.Final.jar"/>
				<include name="jbpm-runtime-manager-6.2.0.Final.jar"/>
				<include name="jbpm-services-cdi-6.2.0.Final.jar"/>
				<include name="kie-api-6.2.0.Final.jar"/>
				<include name="kie-internal-6.2.0.Final.jar"/>
				<include name="kie-remote-jaxb-6.2.0.Final.jar"/>
				<include name="kie-remote-services-6.2.0.Final.jar"/>
				<include name="jbpmmigration-0.13.jar"/>				
			</fileset>
		</delete>
	</target>
</project>
